{"stats":{"minecraft:picked_up":{"minecraft:coarse_dirt":12,"minecraft:wheat":4,"minecraft:sweet_berries":5,"minecraft:torch":1,"mutationcraft:putrid_claw":8,"minecraft:spruce_log":4,"minecraft:dirt":2,"minecraft:mossy_cobblestone":4,"minecraft:wheat_seeds":12,"minecraft:spruce_planks":1,"minecraft:spruce_trapdoor":2,"minecraft:cobblestone":1},"minecraft:killed_by":{"bwrtherain:vapor":1,"siren_head:siren_head":2},"minecraft:crafted":{"minecraft:wooden_sword":1,"minecraft:crafting_table":2,"minecraft:spruce_planks":24,"minecraft:stick":4,"minecraft:wooden_pickaxe":1},"minecraft:used":{"minecraft:bread":7,"minecraft:iron_helmet":1,"minecraft:spruce_planks":8,"minecraft:wooden_pickaxe":6,"minecraft:spruce_trapdoor":2,"simpletomb:grave_key":3,"minecraft:iron_chestplate":1,"minecraft:torch":1,"minecraft:mossy_cobblestone":2,"minecraft:wooden_sword":46,"mutationcraft:putrid_claw":5,"minecraft:sweet_berries":7,"minecraft:crafting_table":2,"minecraft:potato":8},"minecraft:mined":{"minecraft:large_fern":2,"minecraft:spruce_planks":1,"minecraft:glass_pane":2,"minecraft:mossy_cobblestone":4,"minecraft:wheat":4,"minecraft:sweet_berry_bush":3,"minecraft:spruce_log":1,"minecraft:torch":1,"minecraft:spruce_leaves":1},"minecraft:killed":{"mutationcraft:assimilated_villager":2,"mutationcraft:assimilated_horse":1,"mutationcraft:reductor":1},"minecraft:custom":{"minecraft:time_since_rest":19953,"minecraft:sprint_one_cm":53166,"minecraft:damage_taken":10001880,"minecraft:walk_one_cm":61474,"minecraft:mob_kills":4,"minecraft:damage_dealt":1236,"minecraft:interact_with_crafting_table":2,"minecraft:swim_one_cm":4033,"minecraft:fly_one_cm":57773,"minecraft:open_chest":7,"minecraft:crouch_one_cm":10744,"minecraft:play_time":37755,"minecraft:deaths":3,"minecraft:sneak_time":3448,"minecraft:walk_under_water_one_cm":8053,"minecraft:jump":285,"minecraft:walk_on_water_one_cm":3138,"minecraft:time_since_death":19921,"minecraft:sleep_in_bed":1,"minecraft:climb_one_cm":315,"minecraft:total_world_time":37755,"minecraft:fall_one_cm":3580}},"DataVersion":3120}