{"stats":{"minecraft:mined":{"minecraft:grass":7},"minecraft:custom":{"minecraft:jump":187,"minecraft:time_since_rest":7646,"minecraft:damage_taken":60,"minecraft:leave_game":3,"minecraft:play_time":7646,"minecraft:sprint_one_cm":21690,"minecraft:time_since_death":7646,"minecraft:walk_on_water_one_cm":793,"minecraft:walk_one_cm":18635,"minecraft:total_world_time":7646,"minecraft:walk_under_water_one_cm":167,"minecraft:swim_one_cm":579,"minecraft:fall_one_cm":3914,"minecraft:fly_one_cm":30513},"minecraft:picked_up":{"minecraft:wheat_seeds":1}},"DataVersion":3120}