{"stats":{"minecraft:picked_up":{"minecraft:pumpkin_seeds":1,"minecraft:dirt":1},"minecraft:mined":{"minecraft:grass_block":1},"minecraft:custom":{"minecraft:jump":62,"minecraft:time_since_rest":3184,"minecraft:walk_one_cm":5990,"minecraft:leave_game":2,"minecraft:play_time":3184,"minecraft:sprint_one_cm":8046,"minecraft:damage_taken":60,"minecraft:time_since_death":3184,"minecraft:total_world_time":3184,"minecraft:fall_one_cm":2015,"minecraft:drop":2,"minecraft:fly_one_cm":9045},"minecraft:dropped":{"minecraft:dirt":1,"minecraft:pumpkin_seeds":1}},"DataVersion":3120}