{"stats":{"minecraft:picked_up":{"minecraft:coarse_dirt":12,"minecraft:wheat":14,"minecraft:jungle_log":1,"minecraft:brown_mushroom":5,"minecraft:potato":8,"mutationcraft:necroptor_bomb":2,"minecraft:dirt":2,"man:cassette_1safetyinstructions":1,"minecraft:large_fern":1,"minecraft:bone":3,"mutationcraft:putrid_brain":2,"minecraft:wheat_seeds":45,"minecraft:spruce_planks":1,"minecraft:iron_ingot":1,"minecraft:sugar_cane":2,"minecraft:spruce_trapdoor":2,"minecraft:stick":2,"mutationcraft:necroptor_membrane":1,"minecraft:sweet_berries":14,"born_in_chaos_v1:orbofthe_summoner":1,"minecraft:torch":2,"mutationcraft:putrid_claw":35,"minecraft:spruce_sapling":1,"minecraft:spruce_log":8,"minecraft:spruce_door":1,"minecraft:mossy_cobblestone":8,"minecraft:rotten_flesh":9,"mutationcraft:putrid_heart":2,"minecraft:cobblestone":8},"minecraft:killed_by":{"mutationcraft:necroptor":1,"mutationcraft:human_stage_3":1,"mutationcraft:assimilated_roamer":1,"mutationcraft:developed_roamer":1,"mutationcraft:assimilated_evoker":1,"bwrtherain:vapor":2,"siren_head:siren_head":3},"minecraft:dropped":{"minecraft:bread":1,"minecraft:spruce_planks":5},"minecraft:crafted":{"minecraft:wooden_sword":2,"minecraft:crafting_table":5,"minecraft:spruce_planks":76,"minecraft:wooden_pickaxe":1,"minecraft:iron_sword":1,"minecraft:bread":1,"minecraft:stick":8,"minecraft:iron_pickaxe":1},"minecraft:broken":{"minecraft:wooden_sword":2,"minecraft:iron_helmet":1,"minecraft:iron_chestplate":1,"minecraft:wooden_pickaxe":1},"minecraft:used":{"minecraft:wooden_pickaxe":36,"minecraft:spruce_planks":8,"minecraft:iron_sword":170,"minecraft:sugar_cane":1,"simpletomb:grave_key":12,"minecraft:iron_chestplate":1,"minecraft:torch":1,"minecraft:mossy_cobblestone":7,"minecraft:dirt":2,"minecraft:crafting_table":5,"minecraft:spruce_log":3,"man:cassetteplayer":1,"minecraft:apple":3,"minecraft:bread":13,"minecraft:iron_pickaxe":8,"minecraft:iron_helmet":1,"minecraft:spruce_trapdoor":2,"minecraft:wooden_sword":119,"minecraft:cobblestone":8,"mutationcraft:putrid_claw":5,"minecraft:sweet_berries":35,"minecraft:potato":8},"minecraft:mined":{"minecraft:spruce_planks":1,"minecraft:glass_pane":5,"minecraft:mossy_cobblestone":8,"mutationcraft:putrid_vine":1,"minecraft:torch":1,"farmersdelight:brown_mushroom_colony":1,"minecraft:cobblestone":7,"minecraft:spruce_leaves":6,"minecraft:sugar_cane":1,"minecraft:large_fern":2,"minecraft:wheat":16,"minecraft:sweet_berry_bush":3,"minecraft:spruce_log":2,"minecraft:grass":1,"minecraft:potatoes":3},"minecraft:killed":{"mutationcraft:assimilated_witch":1,"mutationcraft:light_hook":1,"mutationcraft:assimilated_donkey":1,"born_in_chaos_v1:bone_imp_minion":8,"born_in_chaos_v1:zombie_lumberjack":1,"born_in_chaos_v1:baby_skeleton":1,"man:managgresive":1,"graveyard:corrupted_vindicator":4,"born_in_chaos_v1:swarmer":1,"mutationcraft:carnivorae":1,"bwrtherain:spider_skull":2,"mutationcraft:reductor":3,"mutationcraft:assimilated_villager":2,"mutationcraft:necroptor":7,"mutationcraft:assimilated_horse":1,"graveyard:acolyte":16,"mutationcraft:assimilated_jockey":1,"minecraft:zombie":2,"mutationcraft:assimilated_pig":3,"born_in_chaos_v1:corpse_fly":1,"mutationcraft:assimilated_enderman":2,"mutationcraft:assimilated_fox":3,"mutationcraft:assimilated_wolf":1,"born_in_chaos_v1:supreme_bonescaller_stage_2":1,"graveyard:corrupted_pillager":2,"mutationcraft:assimilated_pillager":1,"mutationcraft:developed_roamer":2,"mutationcraft:assimilated_cow":1},"minecraft:custom":{"minecraft:mob_kills":72,"minecraft:interact_with_crafting_table":10,"minecraft:damage_dealt_resisted":1880,"minecraft:leave_game":1,"minecraft:time_since_death":21420,"minecraft:sleep_in_bed":2,"minecraft:climb_one_cm":315,"minecraft:damage_resisted":28760,"minecraft:time_since_rest":9269,"minecraft:sprint_one_cm":214407,"minecraft:damage_taken":20005144,"minecraft:walk_one_cm":227223,"minecraft:drop":2,"minecraft:damage_dealt":27657,"minecraft:swim_one_cm":24778,"minecraft:fly_one_cm":309303,"minecraft:open_chest":19,"minecraft:crouch_one_cm":18477,"minecraft:play_time":109447,"minecraft:deaths":12,"minecraft:sneak_time":6780,"minecraft:walk_under_water_one_cm":16321,"minecraft:jump":1072,"minecraft:walk_on_water_one_cm":15086,"minecraft:total_world_time":109447,"minecraft:fall_one_cm":51609}},"DataVersion":3120}