{"stats":{"minecraft:picked_up":{"minecraft:coarse_dirt":12,"minecraft:wheat":14,"minecraft:brown_mushroom":5,"minecraft:potato":8,"mutationcraft:necroptor_bomb":2,"minecraft:dirt":2,"minecraft:large_fern":1,"mutationcraft:putrid_brain":1,"minecraft:wheat_seeds":45,"minecraft:spruce_planks":1,"minecraft:sugar_cane":2,"minecraft:spruce_trapdoor":2,"minecraft:stick":2,"mutationcraft:necroptor_membrane":1,"minecraft:sweet_berries":14,"minecraft:torch":2,"mutationcraft:putrid_claw":14,"minecraft:spruce_sapling":1,"minecraft:spruce_log":7,"minecraft:mossy_cobblestone":8,"minecraft:cobblestone":7},"minecraft:killed_by":{"mutationcraft:necroptor":1,"mutationcraft:human_stage_3":1,"mutationcraft:assimilated_roamer":1,"mutationcraft:developed_roamer":1,"bwrtherain:vapor":2,"siren_head:siren_head":3},"minecraft:dropped":{"minecraft:bread":1,"minecraft:spruce_planks":5},"minecraft:crafted":{"minecraft:wooden_sword":2,"minecraft:crafting_table":5,"minecraft:spruce_planks":76,"minecraft:wooden_pickaxe":1,"minecraft:iron_sword":1,"minecraft:bread":1,"minecraft:stick":8,"minecraft:iron_pickaxe":1},"minecraft:broken":{"minecraft:wooden_sword":2,"minecraft:wooden_pickaxe":1},"minecraft:used":{"minecraft:wooden_pickaxe":36,"minecraft:spruce_planks":8,"minecraft:iron_sword":39,"minecraft:sugar_cane":1,"simpletomb:grave_key":11,"minecraft:iron_chestplate":1,"minecraft:torch":1,"minecraft:mossy_cobblestone":7,"minecraft:dirt":2,"minecraft:crafting_table":5,"minecraft:spruce_log":3,"minecraft:bread":11,"minecraft:iron_pickaxe":7,"minecraft:iron_helmet":1,"minecraft:spruce_trapdoor":2,"minecraft:wooden_sword":119,"minecraft:cobblestone":5,"mutationcraft:putrid_claw":5,"minecraft:sweet_berries":35,"minecraft:potato":8},"minecraft:mined":{"minecraft:spruce_planks":1,"minecraft:glass_pane":4,"minecraft:mossy_cobblestone":8,"minecraft:torch":1,"farmersdelight:brown_mushroom_colony":1,"minecraft:cobblestone":6,"minecraft:spruce_leaves":6,"minecraft:sugar_cane":1,"minecraft:large_fern":2,"minecraft:wheat":16,"minecraft:sweet_berry_bush":3,"minecraft:spruce_log":2,"minecraft:potatoes":3},"minecraft:killed":{"mutationcraft:light_hook":1,"mutationcraft:reductor":3,"mutationcraft:assimilated_villager":2,"mutationcraft:necroptor":2,"mutationcraft:assimilated_horse":1,"mutationcraft:developed_roamer":2},"minecraft:custom":{"minecraft:mob_kills":12,"minecraft:interact_with_crafting_table":10,"minecraft:time_since_death":448,"minecraft:sleep_in_bed":1,"minecraft:climb_one_cm":315,"minecraft:time_since_rest":475,"minecraft:sprint_one_cm":124770,"minecraft:damage_taken":20004591,"minecraft:walk_one_cm":151180,"minecraft:drop":2,"minecraft:damage_dealt":4186,"minecraft:swim_one_cm":12677,"minecraft:fly_one_cm":155761,"minecraft:open_chest":16,"minecraft:crouch_one_cm":17739,"minecraft:play_time":85755,"minecraft:deaths":11,"minecraft:sneak_time":6462,"minecraft:walk_under_water_one_cm":10738,"minecraft:jump":852,"minecraft:walk_on_water_one_cm":9159,"minecraft:total_world_time":85755,"minecraft:fall_one_cm":12410}},"DataVersion":3120}