{"stats":{"minecraft:picked_up":{"minecraft:pumpkin_seeds":1,"minecraft:dirt":1},"minecraft:custom":{"minecraft:jump":107,"minecraft:time_since_rest":1966,"minecraft:deaths":1,"minecraft:crouch_one_cm":38,"minecraft:damage_taken":305,"minecraft:leave_game":3,"minecraft:play_time":7777,"minecraft:sprint_one_cm":13617,"minecraft:walk_one_cm":13665,"minecraft:time_since_death":1886,"minecraft:sneak_time":84,"minecraft:total_world_time":7777,"minecraft:fall_one_cm":3184,"minecraft:drop":2,"minecraft:fly_one_cm":14581},"minecraft:mined":{"minecraft:grass_block":1},"minecraft:killed_by":{"man:managgresive":1},"minecraft:dropped":{"minecraft:dirt":1,"minecraft:pumpkin_seeds":1},"minecraft:used":{"simpletomb:grave_key":1}},"DataVersion":3120}