{"stats":{"minecraft:picked_up":{"minecraft:pumpkin_seeds":1,"minecraft:dirt":1},"minecraft:dropped":{"minecraft:dirt":1,"minecraft:pumpkin_seeds":1},"minecraft:mined":{"minecraft:grass_block":1},"minecraft:custom":{"minecraft:jump":59,"minecraft:time_since_rest":2927,"minecraft:leave_game":1,"minecraft:sprint_one_cm":8046,"minecraft:play_time":2927,"minecraft:damage_taken":60,"minecraft:time_since_death":2927,"minecraft:walk_one_cm":5444,"minecraft:total_world_time":2927,"minecraft:drop":2,"minecraft:fall_one_cm":2015,"minecraft:fly_one_cm":9045}},"DataVersion":3120}