{"stats":{"minecraft:picked_up":{"minecraft:wheat":4,"minecraft:sweet_berries":5,"minecraft:wheat_seeds":12,"minecraft:spruce_planks":1,"minecraft:spruce_log":1},"minecraft:killed_by":{"bwrtherain:vapor":1,"siren_head:siren_head":2},"minecraft:crafted":{"minecraft:wooden_sword":1,"minecraft:crafting_table":1,"minecraft:spruce_planks":24,"minecraft:stick":4},"minecraft:used":{"simpletomb:grave_key":3,"minecraft:iron_chestplate":1,"minecraft:wooden_sword":7,"minecraft:sweet_berries":7,"minecraft:crafting_table":1,"minecraft:bread":3,"minecraft:spruce_planks":8,"minecraft:iron_helmet":1},"minecraft:mined":{"minecraft:spruce_planks":1,"minecraft:glass_pane":1,"minecraft:wheat":4,"minecraft:sweet_berry_bush":3,"minecraft:spruce_leaves":1,"minecraft:spruce_log":1},"minecraft:killed":{"mutationcraft:assimilated_horse":1},"minecraft:custom":{"minecraft:time_since_rest":7953,"minecraft:open_chest":7,"minecraft:crouch_one_cm":8442,"minecraft:play_time":25755,"minecraft:sprint_one_cm":42657,"minecraft:deaths":3,"minecraft:damage_taken":10001371,"minecraft:walk_one_cm":42696,"minecraft:sneak_time":2467,"minecraft:walk_under_water_one_cm":571,"minecraft:mob_kills":1,"minecraft:jump":198,"minecraft:damage_dealt":153,"minecraft:time_since_death":7921,"minecraft:walk_on_water_one_cm":2487,"minecraft:sleep_in_bed":1,"minecraft:total_world_time":25755,"minecraft:climb_one_cm":315,"minecraft:swim_one_cm":3470,"minecraft:interact_with_crafting_table":1,"minecraft:fall_one_cm":2626,"minecraft:fly_one_cm":44601}},"DataVersion":3120}