{"stats":{"minecraft:picked_up":{"mutationcraft:necroptor_membrane":1,"minecraft:coarse_dirt":12,"minecraft:wheat":4,"minecraft:sweet_berries":10,"minecraft:torch":2,"mutationcraft:putrid_claw":12,"mutationcraft:necroptor_bomb":1,"minecraft:spruce_log":6,"minecraft:dirt":2,"minecraft:mossy_cobblestone":7,"minecraft:large_fern":1,"minecraft:wheat_seeds":12,"minecraft:spruce_planks":1,"minecraft:sugar_cane":2,"minecraft:spruce_trapdoor":2,"minecraft:cobblestone":2},"minecraft:killed_by":{"mutationcraft:assimilated_roamer":1,"mutationcraft:necroptor":1,"bwrtherain:vapor":1,"siren_head:siren_head":3},"minecraft:dropped":{"minecraft:bread":1,"minecraft:spruce_planks":5},"minecraft:crafted":{"minecraft:wooden_sword":2,"minecraft:crafting_table":4,"minecraft:spruce_planks":40,"minecraft:stick":8,"minecraft:wooden_pickaxe":1,"minecraft:bread":1},"minecraft:broken":{"minecraft:wooden_sword":1},"minecraft:used":{"minecraft:bread":7,"minecraft:iron_helmet":1,"minecraft:spruce_planks":8,"minecraft:wooden_pickaxe":13,"minecraft:spruce_trapdoor":2,"minecraft:sugar_cane":1,"simpletomb:grave_key":6,"minecraft:iron_chestplate":1,"minecraft:torch":1,"minecraft:mossy_cobblestone":7,"minecraft:wooden_sword":104,"minecraft:cobblestone":2,"mutationcraft:putrid_claw":5,"minecraft:sweet_berries":14,"minecraft:crafting_table":4,"minecraft:potato":8,"minecraft:spruce_log":1},"minecraft:mined":{"minecraft:large_fern":2,"minecraft:spruce_planks":1,"minecraft:glass_pane":3,"minecraft:mossy_cobblestone":7,"minecraft:wheat":4,"minecraft:sweet_berry_bush":3,"minecraft:spruce_log":1,"minecraft:torch":1,"minecraft:cobblestone":1,"minecraft:spruce_leaves":1,"minecraft:sugar_cane":1},"minecraft:killed":{"mutationcraft:necroptor":1,"mutationcraft:assimilated_villager":2,"mutationcraft:assimilated_horse":1,"mutationcraft:developed_roamer":1,"mutationcraft:reductor":3},"minecraft:custom":{"minecraft:time_since_rest":2491,"minecraft:sprint_one_cm":96476,"minecraft:damage_taken":10003112,"minecraft:walk_one_cm":113306,"minecraft:mob_kills":8,"minecraft:drop":2,"minecraft:damage_dealt":2831,"minecraft:interact_with_crafting_table":8,"minecraft:swim_one_cm":8964,"minecraft:fly_one_cm":103142,"minecraft:open_chest":9,"minecraft:crouch_one_cm":16123,"minecraft:play_time":61755,"minecraft:deaths":6,"minecraft:sneak_time":5706,"minecraft:walk_under_water_one_cm":8497,"minecraft:jump":570,"minecraft:walk_on_water_one_cm":5812,"minecraft:time_since_death":2464,"minecraft:sleep_in_bed":1,"minecraft:climb_one_cm":315,"minecraft:total_world_time":61755,"minecraft:fall_one_cm":8679}},"DataVersion":3120}