{"stats":{"minecraft:custom":{"minecraft:jump":187,"minecraft:time_since_rest":5570,"minecraft:walk_on_water_one_cm":593,"minecraft:crouch_one_cm":36,"minecraft:sprint_one_cm":21839,"minecraft:leave_game":1,"minecraft:play_time":5570,"minecraft:damage_taken":50,"minecraft:time_since_death":5570,"minecraft:walk_one_cm":18704,"minecraft:sneak_time":3,"minecraft:total_world_time":5570,"minecraft:walk_under_water_one_cm":216,"minecraft:swim_one_cm":2849,"minecraft:fall_one_cm":6525,"minecraft:fly_one_cm":27537},"minecraft:mined":{"minecraft:grass":2}},"DataVersion":3120}