{"stats":{"minecraft:picked_up":{"minecraft:wheat":4,"minecraft:sweet_berries":5,"minecraft:wheat_seeds":12},"minecraft:used":{"minecraft:iron_chestplate":1,"minecraft:sweet_berries":7,"minecraft:iron_helmet":1},"minecraft:mined":{"minecraft:wheat":4,"minecraft:sweet_berry_bush":3},"minecraft:custom":{"minecraft:time_since_rest":5996,"minecraft:open_chest":6,"minecraft:crouch_one_cm":3049,"minecraft:play_time":13755,"minecraft:sprint_one_cm":17722,"minecraft:damage_taken":30,"minecraft:walk_one_cm":15435,"minecraft:sneak_time":522,"minecraft:walk_under_water_one_cm":323,"minecraft:jump":90,"minecraft:time_since_death":13755,"minecraft:walk_on_water_one_cm":214,"minecraft:sleep_in_bed":1,"minecraft:total_world_time":13755,"minecraft:climb_one_cm":315,"minecraft:swim_one_cm":2023,"minecraft:fall_one_cm":627,"minecraft:fly_one_cm":17281}},"DataVersion":3120}