{"stats":{"minecraft:picked_up":{"mutationcraft:necroptor_membrane":1,"minecraft:coarse_dirt":12,"minecraft:wheat":4,"minecraft:sweet_berries":10,"minecraft:torch":2,"mutationcraft:putrid_claw":8,"mutationcraft:necroptor_bomb":1,"minecraft:spruce_log":5,"minecraft:dirt":2,"minecraft:mossy_cobblestone":5,"minecraft:wheat_seeds":12,"minecraft:spruce_planks":1,"minecraft:sugar_cane":2,"minecraft:spruce_trapdoor":2,"minecraft:cobblestone":1},"minecraft:killed_by":{"bwrtherain:vapor":1,"siren_head:siren_head":2},"minecraft:crafted":{"minecraft:wooden_sword":1,"minecraft:crafting_table":3,"minecraft:spruce_planks":40,"minecraft:stick":4,"minecraft:wooden_pickaxe":1},"minecraft:used":{"minecraft:bread":7,"minecraft:iron_helmet":1,"minecraft:spruce_planks":8,"minecraft:wooden_pickaxe":8,"minecraft:spruce_trapdoor":2,"minecraft:sugar_cane":1,"simpletomb:grave_key":3,"minecraft:iron_chestplate":1,"minecraft:torch":1,"minecraft:mossy_cobblestone":4,"minecraft:wooden_sword":50,"minecraft:cobblestone":1,"mutationcraft:putrid_claw":5,"minecraft:sweet_berries":14,"minecraft:crafting_table":3,"minecraft:potato":8},"minecraft:mined":{"minecraft:large_fern":2,"minecraft:spruce_planks":1,"minecraft:glass_pane":3,"minecraft:mossy_cobblestone":5,"minecraft:wheat":4,"minecraft:sweet_berry_bush":3,"minecraft:spruce_log":1,"minecraft:torch":1,"minecraft:spruce_leaves":1,"minecraft:sugar_cane":1},"minecraft:killed":{"mutationcraft:necroptor":1,"mutationcraft:assimilated_villager":2,"mutationcraft:assimilated_horse":1,"mutationcraft:reductor":1},"minecraft:custom":{"minecraft:time_since_rest":31953,"minecraft:sprint_one_cm":78599,"minecraft:damage_taken":10001880,"minecraft:walk_one_cm":83303,"minecraft:mob_kills":5,"minecraft:damage_dealt":1377,"minecraft:interact_with_crafting_table":6,"minecraft:swim_one_cm":5823,"minecraft:fly_one_cm":77089,"minecraft:open_chest":7,"minecraft:crouch_one_cm":12431,"minecraft:play_time":49755,"minecraft:deaths":3,"minecraft:sneak_time":4041,"minecraft:walk_under_water_one_cm":8176,"minecraft:jump":398,"minecraft:walk_on_water_one_cm":3830,"minecraft:time_since_death":31921,"minecraft:sleep_in_bed":1,"minecraft:climb_one_cm":315,"minecraft:total_world_time":49755,"minecraft:fall_one_cm":5161}},"DataVersion":3120}