{"stats":{"minecraft:picked_up":{"minecraft:spruce_planks":5,"minecraft:bread":1},"minecraft:killed_by":{"mutationcraft:necroptor":1,"mutationcraft:assimilated_bear":2,"siren_head:siren_head":1,"mutationcraft:assimilated_roamer":2},"minecraft:crafted":{"minecraft:wooden_sword":1,"minecraft:stick":4},"minecraft:used":{"simpletomb:grave_key":9,"minecraft:wooden_sword":4,"minecraft:bread":1},"minecraft:custom":{"minecraft:open_chest":1,"minecraft:time_since_rest":199,"minecraft:crouch_one_cm":1212,"minecraft:sprint_one_cm":10815,"minecraft:play_time":34227,"minecraft:walk_one_cm":29394,"minecraft:damage_taken":2035,"minecraft:deaths":6,"minecraft:sneak_time":684,"minecraft:walk_under_water_one_cm":1255,"minecraft:jump":39,"minecraft:damage_dealt":183,"minecraft:leave_game":2,"minecraft:walk_on_water_one_cm":2303,"minecraft:time_since_death":0,"minecraft:sleep_in_bed":1,"minecraft:total_world_time":34227,"minecraft:interact_with_crafting_table":1,"minecraft:fly_one_cm":2387}},"DataVersion":3120}